name, image
fareed, images/fareed3.jpg
rehbar, images/rehbar3.jpg
azhar, images/azhar1.jpg
muddassir, images/muddasir1.jpg
suleman, images/suleman1.jpg
pathan, images/pathan2.jpg
lucky, images/lucky2.jpg
tasni, images/tasni3.jpg
ahad, images/ahad3.jpg
pratima, images/pratima3.jpg
sidra, images/sidra1.jpg
siddhi, images/siddhi1.jpg
sid, images/sid1.jpg
khushi, images/khushi1.jpg
mae, images/mae4.jpg